<?xml version="1.0" encoding="UTF-8"?>
<beans xmlns="http://www.springframework.org/schema/beans"
       xmlns:xsi="http://www.w3.org/2001/XMLSchema-instance"
       xmlns:context="http://www.springframework.org/schema/context"
       xsi:schemaLocation="http://www.springframework.org/schema/beans
        http://www.springframework.org/schema/beans/spring-beans.xsd
        http://www.springframework.org/schema/context
        http://www.springframework.org/schema/context/spring-context.xsd">

	<context:component-scan base-package="com.nokia.oss.smu.cli.ssh.dal.impl"/>
	<context:component-scan base-package="com.nokia.oss.smu.cli.taskmanagement.bll.impl"/>
	<context:component-scan base-package="com.nokia.oss.smu.cli.taskmanagement.dal.impl"/>
	<context:component-scan base-package="com.nokia.oss.smu.cli.logbrowser.bll.impl"/>
	<context:component-scan base-package="com.nokia.oss.smu.cli.logbrowser.dal.impl"/>
	<context:component-scan base-package="com.nokia.oss.smu.cli.symptomcollector.bll.impl"/>
	<context:component-scan base-package="com.nokia.oss.smu.cli.symptomcollector.dal.impl"/>
    <context:component-scan base-package="com.nokia.oss.smu.cli.confchecker.impl"/>
	<context:component-scan base-package="com.nokia.oss.smu.cli.index.bll.impl"/>
    
	<bean class="com.nokia.oss.smu.core.spring.DevPropertyPlaceholderConfigurer">
		<property name="location" value="classpath:plugin-cli-cfg.properties"/>
	</bean>
</beans>