<?xml version="1.0" encoding="UTF-8"?>
<!DOCTYPE preferences SYSTEM 'http://java.sun.com/dtd/preferences.dtd'>
<preferences>
    <root type="system">
        <map />
        <node name="ap">
            <map>
            </map>
            <node name="javaLogging">
                <map />
                <node name="loggers">
                    <map />
                    <node name="smuLoggers">
                        <map>
                            <entry key="name" value="com.nokia.oss.smu" />
                            <entry key="allowDuplicateHandlers" value="true" />
                            <entry key="useParentHandlers" value="false" />
                            <entry key="level" value="INFO" />
                        </map>
                        <node name="ActivityLoggerFileHandler">
                            <map>
                                <entry key="handlerID" value="SMUActivityLoggerFileHandler" />
                            </map>
                        </node>
                        <node name="ErrorLoggerFileHandler">
                            <map>
                                <entry key="handlerID" value="SMUErrorLoggerFileHandler" />
                            </map>
                        </node>
                        <node name="TraceLoggerFileHandler">
                            <map>
                                <entry key="handlerID" value="SMUTraceLoggerFileHandler" />
                            </map>
                        </node>
                    </node>
                </node>
                <node name="handlers">
                    <map />
                    <node name="SMUActivityLoggerFileHandler">
                        <map>
                            <entry key="limit" value="1048576" />
                            <entry key="pattern" value="/var/opt/oss/log/smu/oss_activity%u_%g.log" />
                            <entry key="errorManagerClass" value="java.util.logging.ErrorManager" />
                            <entry key="handler" value="FileHandler" />
                            <entry key="count" value="10" />
                            <entry key="class" value="java.util.logging.FileHandler" />
                            <entry key="level" value="INFO" />
                            <entry key="formatterClass" value="com.nokia.oss.jlog.handlers.FileFormatter" />
                            <entry key="filterClass"
                                   value="com.nokia.oss.jlog.config.util.ActivityLogFilter" />
                        </map>
                    </node>
                    <node name="SMUErrorLoggerFileHandler">
                        <map>
                            <entry key="limit" value="1048576" />
                            <entry key="pattern" value="/var/opt/oss/log/smu/oss_error%u_%g.log" />
                            <entry key="append" value="true" />
                            <entry key="errorManagerClass" value="java.util.logging.ErrorManager" />
                            <entry key="handler" value="FileHandler" />
                            <entry key="count" value="10" />
                            <entry key="class" value="java.util.logging.FileHandler" />
                            <entry key="level" value="WARNING" />
                            <entry key="formatterClass" value="com.nokia.oss.jlog.handlers.FileFormatter" />
                            <entry key="filterClass" value="com.nokia.oss.jlog.config.util.ErrorLogFilter" />
                        </map>
                    </node>
                    <node name="SMUTraceLoggerFileHandler">
                        <map>
                            <entry key="limit" value="1048576" />
                            <entry key="pattern" value="/var/opt/oss/log/smu/oss_trace%u_%g.log" />
                            <entry key="append" value="true" />
                            <entry key="errorManagerClass" value="java.util.logging.ErrorManager" />
                            <entry key="handler" value="FileHandler" />
                            <entry key="count" value="10" />
                            <entry key="class" value="java.util.logging.FileHandler" />
                            <entry key="level" value="FINEST" />
                            <entry key="formatterClass" value="com.nokia.oss.jlog.handlers.FileFormatter" />
                            <entry key="filterClass" value="com.nokia.oss.jlog.config.util.TraceLogFilter" />
                        </map>
                    </node>
                </node>
            </node>
        </node>
    </root>
</preferences>