<?xml version="1.0" encoding="UTF-8"?>
<beans xmlns="http://www.springframework.org/schema/beans"
       xmlns:xsi="http://www.w3.org/2001/XMLSchema-instance"
       xmlns:context="http://www.springframework.org/schema/context"
       xmlns:aop="http://www.springframework.org/schema/aop"
       xmlns:task="http://www.springframework.org/schema/task"
       xsi:schemaLocation="http://www.springframework.org/schema/beans
        http://www.springframework.org/schema/beans/spring-beans-4.0.xsd
        http://www.springframework.org/schema/context
        http://www.springframework.org/schema/context/spring-context-4.0.xsd
        http://www.springframework.org/schema/aop
        http://www.springframework.org/schema/aop/spring-aop-4.0.xsd
        http://www.springframework.org/schema/task
        http://www.springframework.org/schema/task/spring-task-4.0.xsd">

	<bean class="com.nokia.oss.smu.core.spring.DevPropertyPlaceholderConfigurer">
		<property name="location" value="classpath:core-platform-cfg.properties"/>
	</bean>

	<context:component-scan base-package="com.nokia.oss.smu.core.spring"/>
	
	<aop:aspectj-autoproxy proxy-target-class="true" />

	<!--
	(1) Use globalExecutorService to execute methods with "@Async"
	(2) Use 8 threads to execute schedule tasks 
	-->
	<task:annotation-driven 
		executor="globalExecutorService"
		scheduler="scheduler" />
		
	<bean id="scheduler" class="org.springframework.scheduling.concurrent.ThreadPoolTaskScheduler">
		<property name="poolSize" value="8"/>
	</bean>

</beans>