<?xml version="1.0" encoding="utf-8" ?>
<alarm-mappings xmlns="http://www.nsn.com/smu/alarm-mappings">

    <!-- mapping examples -->
    <!--Alarm number range mapping-->
    <mapping>
        <range>[10000,10003]</range>
        <component id="platform-data-service"/>
    </mapping>

    <!--Alarm number range mapping, exclude ending number-->
    <mapping>
        <range>(10042, 10043]</range>
        <component id="platform-data-service"/>
    </mapping>

    <!--By DN:-->
    <mapping>
        <dn>PLMN-PLMN/FM-FMACCESSWS</dn>
        <component id="core-fm"/>
    </mapping>
    <!--With regex:-->
    <mapping>
        <dn>PLMN-PLMN/NETACT-.*/MEDIATION-XOH.*</dn>
        <component id="sbi-xoh"/>
    </mapping>

    <!--ALARM TEXT MAPPING:-->
    <mapping>
        <text-match>SERVICE $1 IS NOT AVAILABLE, YOU MAY CHECK $2!</text-match>
        <component id="common-service" />
    </mapping>
    <!--Alarm text mapping with expression match cases-->
    <mapping>
        <text-match>SERVICE $1 IS NOT AVAILABLE, YOU MAY CHECK $2!</text-match>
        <component>
            <match expression="$1=DISK" component-id="cpf-data-service"/>
            <match expression="$1=DATABASE" component-id="cpf-data-service"/>
            <match expression="$1=DATABASE&&$2=OS" component-id="cpf-os"/>
        </component>
    </mapping>
    <!--
    Note: <match> has higher priority than component attribute, specific "id" attribute in above example
    has no effect.
    -->
    <!-- Customize mapping -->
    <!-- TODO: not implemented yet.
    <mapping>
        <customized-match class="com.nokia.custom.Mapper"/>
    </mapping>
    -->
</alarm-mappings>
