<?xml version="1.0" encoding="UTF-8"?>
<beans xmlns="http://www.springframework.org/schema/beans"
       xmlns:xsi="http://www.w3.org/2001/XMLSchema-instance"
       xmlns:mvc="http://www.springframework.org/schema/mvc"
       xmlns:context="http://www.springframework.org/schema/context"
       xmlns:jee="http://www.springframework.org/schema/jee"
       xmlns:tx="http://www.springframework.org/schema/tx"
       xsi:schemaLocation="http://www.springframework.org/schema/beans
        http://www.springframework.org/schema/beans/spring-beans.xsd
        http://www.springframework.org/schema/context
        http://www.springframework.org/schema/context/spring-context-4.0.xsd
        http://www.springframework.org/schema/mvc
        http://www.springframework.org/schema/mvc/spring-mvc-4.0.xsd
        http://www.springframework.org/schema/jee
        http://www.springframework.org/schema/jee/spring-jee-4.0.xsd
        http://www.springframework.org/schema/tx
        http://www.springframework.org/schema/tx/spring-tx-4.0.xsd">

    <bean id="monitoringPlatform" class="com.nokia.oss.smu.core.internal.MonitorPlatformImpl" destroy-method="shutdown">
        <property name="plugins">
            <list value-type="com.nokia.oss.smu.core.platform.MonitorPlugin">
                <bean class="com.nokia.oss.smu.web.internal.Activator" init-method="activate" destroy-method="deactivate" />
                <!-- Monitored system adapter -->
                <bean class="com.nokia.oss.smu.netact.internal.Activator" init-method="activate" destroy-method="deactivate"/>
            </list>
        </property>
    </bean>
</beans>