<?xml version="1.0" encoding="UTF-8"?>
<!DOCTYPE preferences SYSTEM 'http://java.sun.com/dtd/preferences.dtd'>
<preferences>
<root type="system">
    <map />
    <node name="startpage">
        <map />
        <node name="applications">
            <map />
            <node name="smuweb">
                <map>
                    <entry key="name" value="System Monitoring" />
                    <entry key="icon" value="/smu/images/smu_icon.png" />
                    <entry key="url" value="/smu" />
                    <entry key="tags" value="webapp" />
                    <entry key="description" value="Supports NetAct system monitoring and troubleshooting." />
                    <entry key="folderId" value="/root/administration" />
					<entry key="authorizedObjectId" value="SMU"/>
                </map>
            </node>
        </node>
    </node>
</root>
</preferences>