<?xml version="1.0" encoding="UTF-8"?>
<beans
        xmlns="http://www.springframework.org/schema/beans"
        xmlns:xsi="http://www.w3.org/2001/XMLSchema-instance"
        xmlns:jee="http://www.springframework.org/schema/jee"
        xmlns:context="http://www.springframework.org/schema/context"
        xsi:schemaLocation="http://www.springframework.org/schema/beans
        http://www.springframework.org/schema/beans/spring-beans-4.0.xsd
        http://www.springframework.org/schema/jee
        http://www.springframework.org/schema/jee/spring-jee-4.0.xsd
        http://www.springframework.org/schema/context
        http://www.springframework.org/schema/context/spring-context-4.0.xsd">

    <bean class="com.nokia.oss.smu.core.spring.DevPropertyPlaceholderConfigurer">
        <property name="location" value="classpath:plugin-data-cfg.properties"/>
    </bean>

    <jee:jndi-lookup id="dataSource" jndi-name="java:comp/env/jdbc/SMU_OMC_ThinJDBCDataSource"/>

    <bean id="jpaProperties" class="java.util.Properties">
        <constructor-arg>
            <props>
                <prop key="hibernate.dialect">${hibernate.dialect}</prop>
                <prop key="hibernate.show_sql">${hibernate.show_sql}</prop>
                <prop key="hibernate.hbm2ddl.auto">${hibernate.hbm2ddl.auto}</prop>
                <prop key="hibernate.default_schema">${hibernate.default_schema}</prop>
                <prop key="javax.persistence.query.timeout">${javax.persistence.query.timeout}</prop>
                <prop key="javax.persistence.lock.timeout">${javax.persistence.lock.timeout}</prop>
            </props>
        </constructor-arg>
    </bean>

</beans>