<?xml version="1.0" encoding="UTF-8"?>
<beans 
       xmlns="http://www.springframework.org/schema/beans"
       xmlns:xsi="http://www.w3.org/2001/XMLSchema-instance"
       xmlns:aop="http://www.springframework.org/schema/aop"
       xmlns:context="http://www.springframework.org/schema/context"
       xmlns:tx="http://www.springframework.org/schema/tx"
       xsi:schemaLocation="http://www.springframework.org/schema/beans
        http://www.springframework.org/schema/beans/spring-beans-4.0.xsd
        http://www.springframework.org/schema/aop
        http://www.springframework.org/schema/aop/spring-aop-4.0.xsd
        http://www.springframework.org/schema/context
        http://www.springframework.org/schema/context/spring-context-4.0.xsd
        http://www.springframework.org/schema/tx
        http://www.springframework.org/schema/tx/spring-tx-4.0.xsd">

	<context:component-scan base-package="com.nokia.oss.smu.data.aspect"/>
    <context:component-scan base-package="com.nokia.oss.smu.data.internal"/>
    <context:component-scan base-package="com.nokia.oss.smu.data.sync.internal"/>

    <bean id="entityManagerFactory" class="com.nokia.oss.smu.data.internal.DelayedEntityManagerFactoryBean">
    	<property name="dataSource" ref="dataSource"/>
		<property name="jpaVendorAdapter">
        	<bean class="org.springframework.orm.jpa.vendor.HibernateJpaVendorAdapter" />
     	</property>
		<property name="packagesToScan">
			<list><value>com.nokia</value></list>
		</property>
		<property name="jpaProperties" ref="jpaProperties"/>
    </bean>
	
	<bean id="transactionManager" class="org.springframework.orm.jpa.JpaTransactionManager">  
		<property name="entityManagerFactory" ref="entityManagerFactory"/>  
	</bean>
	
	<aop:aspectj-autoproxy proxy-target-class="true" />
	<tx:annotation-driven 
		transaction-manager="transactionManager"
		proxy-target-class="true" 
		order="0"/>

</beans>