<path name='/var/opt/oss/log/nwi3/NSN-mf_component/' scenario-services='NWI3_SBI' native-service='nwi3'/>
<path name='/var/opt/oss/log/csi/ldap-access/' scenario-services='LDAP_access' native-service='WAS'/>
<path name='/var/opt/oss/log/NSN-authentication/' scenario-services='Authentication_page' native-service='WAS'/>
<path name='/var/opt/oss/log/icf/provision-framework/' scenario-services='Provision_Framework' native-service='WAS'/>
<path name='/var/opt/oss/log/NSN-nbi3gc/' scenario-services='3GPP_CORBA_FM_NBI' native-service='WAS'/>
<path name='/var/opt/mx/logs/' scenario-services='System_Self-monitoring' native-service='hpsim'/>
<path name='/var/opt/oss/log/nbisnmp/NSN-mf_component/' scenario-services='SNMP_NBI' native-service='nbisnmp'/>
<path name='/opt/WebSphere/AppServer/profiles/dmgr/logs/dmgr/' scenario-services='java-ee' native-service='dmgr'/>
<path name='/opt/WebSphere/AppServer/profiles/*/logs/jmsserver1/' scenario-services='java-ee' native-service='WAS'/>
<path name='/opt/JacORB/etc/jacorb/' scenario-services='CORBA' native-service='jacorb'/>
<path name='/var/opt/oss/log/onlinehelp/' scenario-services='Operating_Documentation' native-service='WAS'/>
<path name='/opt/JacORB/domains/OpenFusion/localhost/NotificationService/log/' scenario-services='CORBA' native-service='jacorb'/>
<path name='/var/opt/oss/log/csi/quartz-scheduler/' scenario-services='Quartz_Scheduler' native-service='WAS'/>
<path name='/var/opt/oss/log/NSN-saucnt/' scenario-services='SAUCNT' native-service='saucnt'/>
<path name='/var/opt/oss/log/swm/' scenario-services='Software_Manager' native-service='was'/>
<path name='/var/opt/oss/log/lic/' scenario-services='License_Manager' native-service='was'/>
<path name='/var/opt/oss/log/csi/licensing/' scenario-services='License_Manager' native-service='was'/>
<path name='/var/opt/oss/log/swam-*' scenario-services='Software_Asset_Monitoring' native-service='was'/>
<path name='/var/opt/oss/log/q3mml/' scenario-services='Q3_MML_Launch' native-service='q3user'/>
<path name='/var/opt/oss/log/fm/fmreports/' scenario-services='Alarm_Reports_Dashboard' native-service='WAS'/>
<path name='/var/opt/oss/log/csi/sca/' scenario-services='System_credential_access,System_Credential_Access,System_credential_access' native-service='WAS'/>
<path name='/var/opt/oss/log/NSN-nbi3gcpm/' scenario-services='3GPP_XML_Format_PM_NBI' native-service='WAS'/>
<path name='/var/opt/oss/log/NSN-trc/' scenario-services='Trace_Viewer' native-service='WAS'/>
<path name='/var/opt/oss/log/fm/gep/' scenario-services='FM_Pipe' native-service='fm_pipe'/>
<path name='/var/opt/oss/log/nasda/' scenario-services='NASDA' native-service='WAS'/>
<path name='/var/opt/oss/log/NSN-nbine3s/' scenario-services='NE3S_NBI' native-service='WAS'/>
<path name='/var/opt/oss/log/pem/' scenario-services='Permission_Management' native-service='WAS'/>
<path name='/var/opt/oss/log/q3em/' scenario-services='Q3_EM' native-service='q3user'/>
<path name='/var/log/cpf/was/*/logs/server1/' scenario-services='java-ee' native-service='WAS'/>
<path name='/var/opt/oss/log/NSN-pingServer/' scenario-services='pingServer' native-service='pingServer'/>
<path name='/opt/WebSphere/AppServer/profiles/dmgr/logs/ffdc/' scenario-services='java-ee' native-service='dmgr'/>
<path name='/var/opt/oss/log/fm/fmaccess/' scenario-services='FM_Access' native-service='WAS'/>
<path name='/var/opt/oss/log/csi/sharedcache/' scenario-services='Shared_cache' native-service='WAS'/>
<path name='/var/opt/oss/log/NSN-dr/dg/' scenario-services='Disaster_recovery' native-service='db'/>
<path name='/var/opt/oss/log/install/' scenario-services='Installation' native-service=''/>
<path name='/var/log/' scenario-services='java-ee,vManager,Database,File_Transfer_Protocol,Disaster_recovery,SSH,ESXi_host,vCenter_Server,RHEL_OS,SSH' native-service='db,vCenter_Server,ESXi,WAS,cpfvmanager,ftp'/>
<path name='/var/opt/oss/log/snmp-mus/' scenario-services='SNMP_Mediator' native-service='WAS'/>
<path name='/opt/oracle/product/11gR2/network/log/' scenario-services='Database' native-service='db'/>
<path name='/var/opt/oss/log/hardening/' scenario-services='Security_Management' native-service='WAS'/>
<path name='/var/opt/oss/log/csi/shellexec/' scenario-services='Shell-exec' native-service='WAS'/>
<path name='/opt/oracle/product/11gR2/rdbms/log/' scenario-services='Database' native-service='db'/>
<path name='/var/log/cpf/was/*/logs/jmsserver1/' scenario-services='java-ee' native-service='WAS'/>
<path name='/var/opt/nokia/oss/global/mediation/south/meta/import/' scenario-services='Adaptation_Manager' native-service='WAS'/>
<path name='/var/opt/oss/log/xoh/NSN-mf_component/' scenario-services='XoH' native-service='xoh'/>
<path name='/var/opt/oss/log/certificationauthority/' scenario-services='Certification_authority' native-service='WAS'/>
<path name='/opt/cpf/oma/3rdparty/apache-tomcat/logs/' scenario-services='Tomcat' native-service='OMAgent'/>
<path name='/var/log/cpf/was/*/logs/nodeagent/' scenario-services='java-ee' native-service='WAS'/>
<path name='/var/opt/oss/log/quartz-scheduler/' scenario-services='quartz_scheduler' native-service='WAS'/>
<path name='/opt/WebSphere/AppServer/profiles/dmgr/logs/' scenario-services='java-ee' native-service='dmgr'/>
<path name='/var/opt/oss/log/optimizer/' scenario-services='Optimizer' native-service='WAS'/>
<path name='/var/opt/oss/log/am/' scenario-services='Adaptation_Manager' native-service='WAS'/>
<path name='/var/opt/oss/log/nbi3gcpm/NSN-mf_component/' scenario-services='3GPP_XML_Format_PM_NBI' native-service='nbi3gcpm'/>
<path name='/var/opt/oss/log/NSN-nasmercury/' scenario-services='' native-service='WAS'/>
<path name='/opt/oracle/product/11gR2/sysman/log/' scenario-services='Database' native-service='db'/>
<path name='/var/opt/oss/log/NSN-q3user/' scenario-services='' native-service='WAS'/>
<path name='/var/opt/nokia/oss/local/common/tmp/' scenario-services='PM_North_Mediation_capacity_logging' native-service='rep'/>
<path name='/var/opt/oss/log/install/NSN-generic_mediations/' scenario-services='Installation' native-service='generic_mediations'/>
<path name='/var/opt/oss/log/saucnt/NSN-mf_component/' scenario-services='saucnt' native-service='nwi3'/>
<path name='/var/opt/oss/log/NSN-DynamicAdaptation_UI/' scenario-services='Dynamic_Adaptation' native-service='WAS'/>
<path name='/var/opt/oss/log/NSN-generic_mediations/' scenario-services='Configuration_management_notification_mediations,Dynamic_adaptation_mediations,generic_mediations,generic_mediations' native-service='WAS'/>
<path name='/var/opt/oss/log/fmascii/' scenario-services='ASCII_FM_NBI' native-service='JBI_NBINSN'/>
<path name='/var/opt/oss/log/icf/notification-dispatcher/' scenario-services='Notification_dispatcher' native-service='WAS'/>
<path name='/opt/oracle/cfgtoollogs/' scenario-services='Database' native-service='db'/>
<path name='/d/db/oradata/diag/rdbms/oss/oss/cdump/' scenario-services='Database' native-service='db'/>
<path name='/var/log/cpf/dmgr/logs/dmgr/' scenario-services='java-ee' native-service='WAS'/>
<path name='/opt/cpf/oma/3rdparty/apache-tomcat-*/logs/' scenario-services='System_Self-monitoring' native-service='OMAgent'/>
<path name='/var/opt/oss/log/mts/' scenario-services='Mediation_Tools' native-service='WAS'/>
<path name='/var/opt/oss/log/q3cm/' scenario-services='Q3_CM' native-service='q3user'/>
<path name='/var/opt/oss/log/NSN-ne3sws_dynamicadaptation/' scenario-services='NE3SWS_dynamicadaptation' native-service='WAS'/>
<path name='/var/opt/oss/log/nbi3gcpm/' scenario-services='3GPP_XML_Format_PM_NBI' native-service='JBI_NBI3GCPM'/>
<path name='/opt/oracle/admin/oss/pfile/' scenario-services='Database' native-service='db'/>
<path name='/var/opt/oss/log/cap/' scenario-services='AddOn_Manager,Common_Applications' native-service='WAS'/>
<path name='/var/opt/oss/log/nbiinventory/' scenario-services='XML_Based_Inventory_Data_Export_NBIIM' native-service='nbi3gc,JBI_NBI3GC'/>
<path name='/opt/cpf/oma/NX2SFMAdapter/' scenario-services='System_Self-monitoring' native-service='cpfnx2s'/>
<path name='/var/opt/oss/log/preferences/' scenario-services='Preference_subsystem' native-service='WAS'/>
<path name='/var/opt/oss/log/nwi3/' scenario-services='NWI3,nw3_cm,NWI3,nw3_cm' native-service='JBI-NWI3,nwi3'/>
<path name='/var/opt/oss/log/infocenter_licmon/' scenario-services='License_Manager' native-service='WAS'/>
<path name='/var/opt/Nokia/WebSphere/AppServer/logs/server1/' scenario-services='Performance_Manager,Report_Admin_Toolkit,Semi-Open_APIs_logs' native-service='WAS,pmwas'/>
<path name='/var/opt/oss/log/common_mediations/NSN-mf_component/' scenario-services='Common_Mediations' native-service='common_mediations'/>
<path name='/var/opt/oss/log/aib/' scenario-services='Object_Information_Browser' native-service='WAS'/>
<path name='/var/opt/oss/log/nx2s/' scenario-services='MML,NX2S' native-service='nx2s'/>
<path name='/var/log/cpf/ihs/logs/' scenario-services='java-ee' native-service='WAS'/>
<path name='/var/opt/oss/log/atlc/' scenario-services='' native-service='WAS'/>
<path name='/var/opt/oss/log/startpage/' scenario-services='Start_Page' native-service='WAS'/>
<path name='/opt/JacORB/domains/OpenFusion/localhost/NameService/log/' scenario-services='CORBA' native-service='jacorb'/>
<path name='/var/opt/oss/log/install/NSN-DynamicAdaptation_UI/' scenario-services='Installation' native-service='WAS'/>
<path name='/usr/share/tomcat_sm/logs/' scenario-services='Service_Monitoring' native-service='OMAgent'/>
<path name='/var/opt/oss/log/nbi3gc/NSN-mf_component/' scenario-services='3GPP_CORBA_FM_NBI' native-service='nbi3gc'/>
<path name='/var/opt/oss/log/fmascii/NSN-mf_component/' scenario-services='ASCII_FM_NBI' native-service='fmascii'/>
<path name='/opt/oracle/product/11gR2/network/trace/' scenario-services='Database' native-service='db'/>
<path name='/usr/share/tomcat_vcentplg/logs/' scenario-services='vCenter_Plugin' native-service='dirsrv'/>
<path name='/opt/oracle/product/11gR2/rdbms/audit/' scenario-services='Database' native-service='db'/>
<path name='/var/opt/oss/log/' scenario-services='Common_Mediations' native-service='common_mediations'/>
<path name='/opt/cdr/Collection_Service' scenario-services='OSI' native-service='osi'/>
<path name='/var/log/messages' scenario-services='OSI' native-service='osi'/>
<path name='/backup/log/' scenario-services='Backup_tool' native-service='db,nfs'/>
<path name='/var/opt/oss/log/nbi3gc/' scenario-services='3GPP_CORBA_FM_NBI' native-service='nbi3gc,JBI_NBI3GC'/>
<path name='/opt/IBMHttpServer/logs/postinstall/' scenario-services='java-ee' native-service='WAS'/>
<path name='/var/opt/oss/log/rac/rac3gp/' scenario-services='3GPP_CORBA_BulkCM_NBI' native-service='JBI_NBI3GC'/>
<path name='/var/opt/oss/log/NSN-dr/fsSync/' scenario-services='Disaster_recovery' native-service='db'/>
<path name='/var/opt/oss/log/NSN-xoh/' scenario-services='' native-service='WAS'/>
<path name='/var/log/vmware/vpx/drmdump/' scenario-services='vCenter_Server' native-service='vCenter_Server'/>
<path name='/var/opt/nokia/oss/local/common/log/d3b/' scenario-services='Database' native-service='db_crons'/>
<path name='/var/opt/oss/log/csi/common-scheduler/' scenario-services='Common_Scheduler' native-service='WAS'/>
<path name='/var/opt/nokia/oss/local/common/tmp/trace/' scenario-services='Data_Load_and_Data_Export_Trace,Etload' native-service='rep'/>
<path name='/var/opt/oss/log/neac/' scenario-services='Network_Element_Access_Control' native-service='WAS'/>
<path name='/var/opt/oss/log/NSN-nx2s/' scenario-services='' native-service='WAS'/>
<path name='/var/log/dirsrv/slapd-oss/' scenario-services='Directory_server' native-service='dirsrv,dirsrv-secondary'/>
<path name='/var/opt/oss/log/install/' scenario-services='Installation' native-service='nwi3'/>
<path name='/var/opt/oss/log/ncis/' scenario-services='' native-service=''/>
<path name='/opt/oracle/admin/oss/adump/' scenario-services='Database' native-service='db'/>
<path name='/var/log/audit/' scenario-services='RHEL_OS' native-service=''/>
<path name='/backup/log/' scenario-services='backup-tool' native-service='db,nfs'/>
<path name='/var/opt/oss/log/audit/' scenario-services='Authentication_page,Common_Applications,Permission_Management,TMF615,Trace_Viewer,User_Management,Certification_authority,NE_Integration_Wizard,Network_Element_Access_Control,WAS,FM_Pipe' native-service=''/>
<path name='/opt/cpf/oma/esymacstarter/' scenario-services='System_Self-monitoring' native-service='OMAgent'/>
<path name='/var/opt/oss/log/ne3sws_dynamicadaptation/' scenario-services='NE3S/WS_FM_NBI' native-service='ne3sws_dynamicadaptation'/>
<path name='/var/opt/oss/log/generic_mediations/' scenario-services='generic_mediations' native-service='generic_mediations'/>
<path name='/var/opt/oss/log/gep/' scenario-services='FM_Pipe' native-service='fm_pipe,WAS'/>
<path name='/opt/WebSphere/AppServer/profiles/*/logs/' scenario-services='java-ee' native-service='WAS'/>
<path name='/var/opt/oss/log/tmf615/' scenario-services='TMF_615_Mediation,TMF615' native-service='WAS'/>
<path name='/opt/IBMHttpServer/logs/' scenario-services='java-ee' native-service='WAS'/>
<path name='/var/opt/oss/log/install/NSN-3gppcorba_sbm_core/' scenario-services='Installation' native-service='WAS'/>
<path name='/var/opt/oss/log/install/fm/mond/' scenario-services='Installation' native-service='WAS'/>
<path name='/var/opt/oss/log/mf-oes-common/' scenario-services='' native-service=''/>
<path name='/var/opt/oss/log/um/' scenario-services='Security_alarms,User_Management' native-service='WAS,dirsrv'/>
<path name='/var/opt/oss/log/mofd/' scenario-services='MOFD,FM_Pipe,MOFD' native-service='WAS,fm_pipe'/>
<path name='/var/opt/oss/log/NSN-nwi3/' scenario-services='NWI3' native-service='WAS'/>
<path name='/var/opt/oss/log/db/' scenario-services='Database' native-service='db'/>
<path name='/var/opt/oss/log/install/NSN-common_mediation/' scenario-services='Common_Mediations' native-service='WAS'/>
<path name='/var/log/ha/' scenario-services='Service_Manager' native-service=''/>
<path name='/var/opt/oss/log/nbisnmp/' scenario-services='SNMP_NBI' native-service='JBI_NBINSN'/>
<path name='/var/opt/oss/log/mf-cpf-config/' scenario-services='' native-service=''/>
<path name='/var/opt/oss/log/wmi/' scenario-services='West_Mediation_Interface' native-service='WAS'/>
<path name='/var/opt/oss/log/NSN-PasswordChangeWS/' scenario-services='' native-service='PasswordChangeWS'/>
<path name='/var/opt/oss/log/smu/' scenario-services='SMU' native-service='WAS'/>
<path name='/d/db/oradata/diag/rdbms/oss/oss/trace/' scenario-services='Database' native-service='db'/>
<path name='/var/opt/oss/log/NSN-dr/' scenario-services='Disaster_recovery' native-service='db'/>
<path name='/var/opt/oss/log/aif/' scenario-services='NE_Integration_Wizard' native-service='WAS'/>
<path name='/var/log/cpf/plugin/logs/webserver1/' scenario-services='java-ee' native-service='WAS'/>
<path name='/opt/cpf/oma/AF/' scenario-services='System_Self-monitoring,Adapter_Framework' native-service='OMAgentAF'/>
<path name='/var/opt/oss/log/d3b/' scenario-services='DB_install' native-service='WAS'/>
<path name='/var/log/cpf/' scenario-services='Database' native-service='db'/>
<path name='/opt/WebSphere/AppServer/profiles/*/logs/server*/' scenario-services='SON_Scheduler' native-service='WAS'/>
<path name='/var/opt/oss/log/defra/' scenario-services='MOND' native-service='WAS'/>
<path name='/opt/IBMHttpServer/logs/postinstall/fixpack/' scenario-services='java-ee' native-service='WAS'/>
<path name='/var/opt/oss/log/common_mediations/' scenario-services='Common_mediations_for_software_manager,NE3SWS,Common_Mediations' native-service='common_mediations'/>
<path name='/var/opt/oss/log/nbine3s/NSN-mf_component/' scenario-services='NE3S/WS_FM_NBI' native-service='nbine3s'/>
<path name='/var/opt/oss/log/ne3sws_dynamicadaptation/NSN-mf_component/' scenario-services='NE3S/WS_FM_NBI' native-service='ne3sws_dynamicadaptation'/>
<path name='/var/opt/oss/log/fm/mond/' scenario-services='MOND' native-service='WAS'/>
<path name='/var/opt/oss/log/generic_mediations/NSN-Heartbeat/' scenario-services='generic_mediations' native-service='generic_mediations'/>
<path name='/var/opt/oss/log/install/gep/' scenario-services='fm_pipe' native-service='fm_pipe'/>
<path name='/var/log/vmware/vpx/' scenario-services='vCenter_Server' native-service='vCenter_Server'/>
<path name='/var/opt/oss/log/fm/fmservices/' scenario-services='FM_Services' native-service='WAS'/>
<path name='/var/opt/oss/log/NSN-nbisnmp/' scenario-services='SNMP_NBI' native-service='WAS'/>
<path name='/var/opt/oss/log/mus/' scenario-services='SNMP_Mediator' native-service='WAS'/>
<path name='/var/opt/oss/log/NSN-common_mediations/' scenario-services='Common_Mediations' native-service='WAS'/>
<path name='/opt/WebSphere/AppServer/profiles/*/logs/ffdc/' scenario-services='java-ee' native-service='WAS'/>
<path name='/d/db/oradata/diag/rdbms/oss/oss/' scenario-services='Database' native-service='db'/>
<path name='/var/opt/oss/log/appserver/' scenario-services='WAS' native-service='WAS'/>
<path name='/var/opt/oss/log/q3user/' scenario-services='Q3_SBI' native-service='q3user'/>
<path name='/var/opt/oss/log/nbine3s/' scenario-services='NE3SWS_FM_NBI' native-service='JBI_NBINSN'/>
<path name='/var/opt/oss/log/nx2s/NSN-mf_component/' scenario-services='NX2S' native-service='nx2s'/>
<path name='/var/opt/oss/log/generic_mediations/NSN-mf_component/' scenario-services='generic_mediations' native-service='generic_mediations'/>
<path name='/opt/WebSphere/AppServer/profiles/*/logs/server1/' scenario-services='java-ee' native-service='WAS'/>
<path name='/var/opt/oss/log/fm/fmdc/' scenario-services='FM_Deployment_Controller' native-service='WAS'/>
<path name='/var/opt/oss/log/xoh/' scenario-services='XoH' native-service='xoh'/>
<path name='/var/opt/oss/log/NSN-dr/drMgr/' scenario-services='Disaster_recovery' native-service='db'/>
<path name='/var/opt/oss/log/NSN-fmascii/' scenario-services='ASCII_FM_NBI' native-service='WAS'/>
<path name='/var/opt/oss/log/common_mediations/NSN-Heartbeat/' scenario-services='Common_Mediations' native-service='common_mediations'/>
<path name='/var/opt/oss/log/q3user/NSN-mf_component/' scenario-services='Q3_SBI' native-service='q3user'/>
<path name='/tmp/cmm*.log' scenario-services='Command_Manager,CM_Operations_Manager' native-service='WAS'/>
<path name='/var/opt/oss/log/audit/oss_change_cm*.log' scenario-services='CM_Analyzer,CM_Editor,CM_Operations_Manager,CM_Reference' native-service='WAS'/>
<path name='/var/opt/oss/log/rac/' scenario-services='CM_Analyzer,CM_Editor,CM_Operations_Manager,CM_Reference,CM_Rule_Editor, Flexible_CM_Search' native-service='WAS'/>
<path name='/var/opt/nokia/oss/local/common/log/' scenario-services='PM_Data_Load,PM_Data_Export,PM_database,PM_alarm_statistic,pm-pipe' native-service='rep,db_crons'/>
<path name='/var/opt/oss/log/pm_disptacher/' scenario-services='PM_dispatcher' native-service='nfs'/>
<path name='/var/opt/oss/log/pm_tr_unify/' scenario-services='PM_West_mediation_Interface' native-service='was'/>
<path name='/var/opt/oss/log/pm_topology_replicator/' scenario-services='PM_West_mediation_Interface' native-service='pmwas'/>
<path name='/var/opt/oss/log/pm_synchronizer/' scenario-services='PM_Dynamic_Working_Sets' native-service='dmgr'/>
<path name='/var/opt/oss/log/pm_npmfe/' scenario-services='PM_application' native-service='pmwas'/>
<path name='/var/opt/oss/log/pm_admtoolkit/' scenario-services='PM_application' native-service='pmwas'/>
<path name='/var/opt/oss/log/aom/' scenario-services='AoM' native-service='was'/>
<path name='/var/opt/oss/log/NSN-SQM-sqm*' scenario-services='Thresholder_and_Profiler' native-service='sqm_jboss,sqm_node_manager,sqm_collector_npm_tp,sqm_smirp_mediation,sqm_eem,sqm_collector_npm,sqm_activemq_service'/>
<path name='/var/opt/nokia/oss/local/common/log/*/' scenario-services='pm_pipe' native-service='rep'/>
<path name='/var/opt/nokia/oss/local/common/log/' scenario-services='Data_Load_and_Data_Export_Logs,Database,PM_Platform_alarms_forwarding_logs,pm_pipe' native-service='rep,db_crons'/>
<path name='/var/opt/nokia/oss/local/common/tmp/trace' scenario-services='pm_pipe' native-service='rep'/>
