<?xml version="1.0" encoding="UTF-8"?>
<beans 
       xmlns="http://www.springframework.org/schema/beans"
       xmlns:xsi="http://www.w3.org/2001/XMLSchema-instance"
       xmlns:context="http://www.springframework.org/schema/context"
       xmlns:jee="http://www.springframework.org/schema/jee"
       xsi:schemaLocation="http://www.springframework.org/schema/beans
        http://www.springframework.org/schema/beans/spring-beans-4.0.xsd
        http://www.springframework.org/schema/context
        http://www.springframework.org/schema/context/spring-context-4.0.xsd
        http://www.springframework.org/schema/jee
        http://www.springframework.org/schema/jee/spring-jee-4.0.xsd">

    <bean class="com.nokia.oss.smu.core.spring.DevPropertyPlaceholderConfigurer">
		<property name="location" value="classpath:adapter-netact-cfg.properties"/>
	</bean>
	
    <context:component-scan base-package="com.nokia.oss.smu.netact.alarm.dal.internal"/>
    <context:component-scan base-package="com.nokia.oss.smu.netact.alarm.bll.internal"/>

    <bean class="com.nokia.oss.smu.netact.alarm.bll.internal.InternalAlarmTrigger">
    	<property name="listeners">
    		<list>
    			<ref bean="alarmMailTaskManager" />
    		</list>
    	</property>
    </bean>
    
</beans>