<?xml version="1.0" encoding="utf-8" ?>
<alarm-mappings xmlns="http://www.nsn.com/smu/alarm-mappings">
    <!-- Production mapping begin -->
    <!-- CPF alarms: 10000 ~ 19999 -->
	<mapping>
	    <range>[10014,10015]</range>
	    <component id="BACKUP"/>
	</mapping>
	<mapping>
	    <range>10038</range>
	    <component id="Certstorage"/>
	</mapping>
	<mapping>
	    <range>10054,10050</range>
	    <component id="cpu"/>
	</mapping>
	<mapping>
	    <range>[10010,10013]</range>
	    <component id="Database"/>
	</mapping>
	<mapping>
	    <range>10035</range>
	    <component id="DCN"/>
	</mapping>
	<mapping>
	    <range>[10000,10003]</range>
	    <component id="DirectoryService"/>
	</mapping>
	<mapping>
	    <range>[10052,10053],10036</range>
	    <component id="disk"/>
	</mapping>
	<mapping>
	    <range>10030</range>
	    <component id="DNSService"/>
	</mapping>
	<mapping>
	    <range>[10070,10079]</range>
	    <component id="DR"/>
	</mapping>
	<mapping>
	    <range>[10006,10007],[10019,10021],[10042,10043],[10088,10090]</range>
	    <component id="FileSystem"/>
	</mapping>
	<mapping>
	    <range>10017</range>
	    <component id="FTPService"/>
	</mapping>
	<mapping>
	    <range>10037, 10005</range>
	    <component id="HighAvailability"/>
	</mapping>
	<mapping>
	    <range>10044</range>
	    <component id="HPSIM"/>
	</mapping>
	<mapping>
	    <range>10034</range>
	    <component id="HW"/>
	</mapping>
	<mapping>
		<range>10085</range>
		<component id="os-rhel"></component>
	</mapping>
	<mapping>
	    <range>[10022,10029],10081,10083,10084,10086,10087</range>
	    <component id="j2eeserver"/>
	</mapping>
	<mapping>
	    <range>10008</range>
	    <component id="JACORB"/>
	</mapping>
	<mapping>
	    <range>10018</range>
	    <component id="LoadBalancer"/>
	</mapping>
	<mapping>
	    <range>10051,10056,10057</range>
	    <component id="Memory"/>
	</mapping>
	<mapping>
	    <range>10060,10062</range>
	    <component id="networkServices"/>
	</mapping>
	<mapping>
	    <range>10031,10082</range>
	    <component id="NTPService"/>
	</mapping>
	<mapping>
	    <range>10040,10041</range>
	    <component id="OMAgentService"/>
	</mapping>
	<mapping> 
	    <range>10009</range>
	    <component id="OSI"/>
	</mapping>
	<mapping>
	    <range>10016</range>
	    <component id="Scheduler"/>
	</mapping>
	<mapping>
	    <range>10059,86022</range>
	    <component id="SelfMonitor"/>
	</mapping>
	<mapping>
	    <range>10033</range>
	    <component id="SocksProxyService"/>
	</mapping>
	<mapping>
	    <range>10032</range>
	    <component id="SSHService"/>
	</mapping>
	<mapping>
	    <range>10055,10058,10061,10063,10091</range>
	    <component id="vsphere"/>
	</mapping>
	<!-- CPF alarms end -->
	
	<mapping>
        <dn>PLMN-PLMN/NETACT-.*/MEDIATION-juniper_mediation.*</dn>
        <component id="sbi-juniper"/>
    </mapping>
	<mapping>
        <dn>PLMN-PLMN/NETACT-.*/MEDIATION-q3user.*</dn>
        <component id="sbi-q3-ip"/>
    </mapping>
	<mapping>
        <dn>PLMN-PLMN/NETACT-.*/MEDIATION-nwi3.*</dn>
        <component id="sbi-nwi3"/>
    </mapping>	
	<mapping>
        <dn>PLMN-PLMN/NETACT-.*/OMS-.*</dn>
        <component id="sbi-nwi3"/>
    </mapping>	    
	<mapping>
        <dn>PLMN-PLMN/NETACT-.*/JBISERVER-nbi3gc/MEDIATION-nbi3gc.*</dn>
        <component id="nbi-fm-3gpp"/>
    </mapping>
    <mapping>
        <dn>PLMN-PLMN/NETACT-.*/JBISERVER-nbi3gcpm/MEDIATION-nbi3gcpm.*</dn>
        <component id="nbi-pm-3gpp"/>
    </mapping>
    <mapping>
        <dn>PLMN-PLMN/NETACT-.*/MEDIATION-rac3gp.*</dn>
        <component id="nbi-bulkcm-3gpp"/>
    </mapping>
    <mapping>
        <dn>PLMN-PLMN/NETACT-.*/MEDIATION-nbisnmp.*</dn>
        <component id="nbi-snmp"/>
    </mapping>
    <mapping>
        <dn>PLMN-PLMN/NETACT-.*/MEDIATION-nbiim.*</dn>
        <component id="nbi-xml-export"/>
    </mapping>
    
    <mapping>
        <dn>PLMN-PLMN/NETACT-.*/JBISERVER-ne3sws.*/MEDIATION-.*</dn>
        <component id="sbi-ne3sws"/>
    </mapping>
    <mapping>
        <dn>PLMN-PLMN/NETACT-.*/JBISERVER-xoh.*</dn>
        <component id="sbi-xoh"/>
    </mapping>
    <mapping>
        <range>[200000,299999]</range>
        <component id="core-pm"/>
    </mapping>
    <mapping>
    	<range>[69000,70099]</range>
    	<component id="thresholderAndProfiler"></component>
    </mapping>
    <mapping>
        <range>[80000,89999], 9047, 9108, 9251, 9252, 9228, 9255, 9048, 9999</range>
        <component id="core-fm"/>
    </mapping>
    <mapping>
        <range>[30000,30999]</range>
        <component id="core-security"/>
    </mapping>
    <mapping>
        <range>41002</range>
        <component id="licenseManager"/>
    </mapping>	
    <mapping>
        <range>41001,41003,41004,41005,46100,46200</range>
        <component id="softwareManager"/>
    </mapping>
        
    <!-- TODO: Add real dmapping. -->

    <!-- mapping examples -->
    <!--

    By DN:
    <mapping>
        <dn>PLMN-PLMN/FM-FMACCESSWS</dn>
        <component id="core-fm"/>
    </mapping>
    With regex:
    <mapping>
        <dn>PLMN-PLMN/NETACT-.*/MEDIATION-XOH.*</dn>
        <component id="sbi-xoh"/>
    </mapping>

    ALARM TEXT MAPPING:
    <mapping>
        <text-match>SERVICE $1 IS NOT AVAILABLE, YOU MAY CHECK $2!</text-match>
        <component id="common-service">
    </mapping>

    <mapping>
        <text-match>SERVICE $1 IS NOT AVAILABLE, YOU MAY CHECK $2!</text-match>
        <component>
            <match expression="$1=DISK" component-id="cpf-data-service"/>
            <match expression="$1=DATABASE" component-id="cpf-data-service"/>
            <match expression="$1=DATABASE&&$2=OS" component-id="cpf-os"/>
        </component>
    </mapping>
    Note: <match> has higher priority than component attribute, specific "id" attribute in above example
    has no effect.

    -->


</alarm-mappings>
