<?xml version="1.0"?>
<component id="netact15"
           xmlns="http://www.nsn.com/smu/components"
           name="NetAct">

    <component id="nbi-bulkcm-3gpp" name="3GPP Rel6 BulkCM NBI"/>
    <component id="nbi-fm-3gpp" name="3GPP Rel6 CORBA FM NBI"/>
    <component id="nbi-pm-3gpp" name="3GPP XML Format PM NBI"/>
    <component id="nbi-snmp" name="SNMP NBI"/>
    <component id="nbi-xml-export" name="Inventory Data Export"/>
    <component id="nbi-tmf615-um" name="TMF615 UM"/><!-- in range or pattern in  mapping yet -->
    <component id="core-security" name="Security Management"/>
    <component id="core-fm" name="Fault Management"/>
    <component id="core-cm" name="Configuration Management">
        <component id="licenseManager" name="License Manager"/>
        <component id="softwareManager" name="Software Manager"/>
    </component>
    <component id="core-pm" name="Performance Management">
    	<component id="thresholderAndProfiler" name="Thresholder and Profiler"/>
    </component>
    
    <component id="sbi-nwi3" name="NWI3"/>
    <component id="sbi-q3-ip" name="Q3/IP"/>
    <component id="sbi-nx2s" name="NX2S"/><!-- in range or pattern in  mapping yet -->
    <component id="sbi-xoh" name="XoH"/><!-- in range or pattern in  mapping yet -->
    <component id="sbi-ne3sws" name="NE3SWS"/>
    <component id="sbi-ne3s-snmp" name="NE3S/SNMP"/>
    <component id="sbi-scli" name="SCLI"/><!-- in range or pattern in  mapping yet -->
    <component id="sbi-mml" name="MML"/><!-- in range or pattern in  mapping yet -->
    <component id="sbi-atlcmedsl" name="ATLCMEDSL"/><!-- in range or pattern in  mapping yet -->
    <component id="sbi-juniper" name="Juniper"/>
    <component id="sbi-da" name="Dynamic Adaptation"/>

    <component id="BACKUP" name="BACKUP"/>
    <component id="DR" name="DR"/>
    <component id="j2eeserver" name="j2eeserver"/>
    <component id="JACORB" name="JACORB"/>
    <component id="LoadBalancer" name="LoadBalancer"/>
    <component id="OMAgentService" name="OMAgentService"/>
    <component id="OSI" name="OSI"/>
    <component id="platform-hardware" name="Hardware">
        <component id="cpu" name="cpu"/>
        <component id="disk" name="disk"/>
        <component id="HPSIM" name="HPSIM"/>
        <component id="HW" name="HW"/>
        <component id="Memory" name="Memory"/>
    </component>
    <component id="Database" name="Database"/>
    <component id="DirectoryService" name="Directory Service"/>
    <component id="FileSystem" name="File System"/>
    <component id="NTPService" name="NTPService"/>
    <component id="networkServices" name="Network Services">
        <component id="DNSService" name="DNS Service"/>
        <component id="DCN" name="DCN"/>
        <component id="FTPService" name="FTPService"/>
        <component id="SocksProxyService" name="SocksProxyService"/>
        <component id="SSHService" name="SSHService"/>
    </component>
    <component id="Certstorage" name="Cert Storage"/>
    <component id="HighAvailability" name="High Availability"/>
    <component id="Scheduler" name="Scheduler"/>
    <component id="SelfMonitor" name="Self Monitor"/>
    <component id="os-rhel" name="RedHat Enterprise Linux"/><!-- in range or pattern in  mapping yet -->
    <component id="vsphere" name="vSphere"/>
</component>
        
        