<?xml version="1.0"?>
<log-seacher xmlns="http://www.nokia.com/oss/smu/netact/log">
	<paths>
			<path name="/var/opt/oss/logc/*">
			
                <path name="applicationserver/addNode.*.log.*" time-pattern="mm/dd/yy hh:mi:ss" component-id="j2eeserver"/>
                <path name="applicationserver/ffdc/jmsserver1_.*" time-pattern="mm/dd/yy hh:mi:ss" component-id="j2eeserver"/>
                <path name="applicationserver/ffdc/server1_.*" time-pattern="mm/dd/yy hh:mi:ss" component-id="j2eeserver"/>
                <path name="applicationserver/jmsserver1.*.log.*" time-pattern="mm/dd/yy hh:mi:ss" component-id="j2eeserver"/>
                <path name="applicationserver/server1/SystemErr.*log.*" time-pattern="mm/dd/yy hh:mi:ss" component-id="j2eeserver"/>
                <path name="applicationserver/server1/SystemOut.*log.*" time-pattern="mm/dd/yy hh:mi:ss" component-id="j2eeserver"/>
                <path name="applicationserver/server1/SystemOut.*log.*" time-pattern="mon dd hh:mi:ss" component-id="j2eeserver"/>
                <path name="applicationserver/server1/SystemOut.*log.*" time-pattern="wod mon dd hh:mi:ss EEST yyyy" component-id="j2eeserver"/>
                <path name="applicationserver/wsadmin.*selfmon.*" time-pattern="mm/dd/yy hh:mi:ss" component-id="j2eeserver"/>
                <path name="applicationserver/wsadmin.*traceout.*" time-pattern="mm/dd/yy hh:mi:ss" component-id="j2eeserver"/>
                <path name="deployment/deployment.*.log.*" time-pattern="yyyy-mm-ddThh:mi:ss" component-id="j2eeserver"/>
                <path name="dmgr/dmgr.*.log" time-pattern="mm/dd/yy hh:mi:ss" component-id="j2eeserver"/>
                <path name="dmgr/ffdc.*.log" time-pattern="mm/dd/yy hh:mi:ss" component-id="j2eeserver"/>
                <path name="dmgr/ffdc/dmgr_.*\.txt" time-pattern="mm/dd/yy hh:mi:ss" component-id="j2eeserver"/>
                <path name="dmgr/ffdc/ffdc.*\.txt" time-pattern="mm/dd/yy hh:mi:ss" component-id="j2eeserver"/>
                <path name="dmgr/wsadmin.*.traceout" time-pattern="mm/dd/yy hh:mi:ss" component-id="j2eeserver"/>
                <path name="httpserver/access_log-?.*" time-pattern="dd/mon/yyyy:hh:mi:ss" component-id="j2eeserver"/>
                <path name="httpserver/error_log-?.*" time-pattern="wod mon dd hh:mi:ss yyyy" component-id="j2eeserver"/>
                <path name="httpserver/postinstall.*.log" time-pattern="yyyy-mm-ddThh:mi:ss" component-id="j2eeserver"/>
                <path name="httpserver/sslaccess.*.log" time-pattern="dd/mon/yyyy:hh:mi:ss" component-id="j2eeserver"/>
                <path name="httpserver/sslerror.*.log" time-pattern="wod mon dd hh:mi:ss yyyy" component-id="j2eeserver"/>
                <path name="onepm_commonlog/#{((?!repspaDimensionTablesInsert).)*DimensionTables\.[^/]*log\.[^/]*}" time-pattern="wod mon dd hh:mi:ss yyyy" component-id="onepm"/>
                <path name="onepm_commonlog/.*index_rebuild.*log.*" time-pattern="mon dd hh:mi:ss" component-id="onepm"/>
                <path name="onepm_commonlog/.*partition.analyze.*log.*" time-pattern="mon dd hh:mi:ss" component-id="onepm"/>
                <path name="onepm_commonlog/#{[a-zA-Z]*\.analyze\.log\.[^/]*}" time-pattern="mon dd hh:mi:ss" component-id="onepm"/>
                <path name="onepm_commonlog/cosprcMonitorError.log.*" time-pattern="wod mon dd hh:mi:ss yyyy" component-id="onepm"/>
                <path name="onepm_commonlog/cpfimr.*log.*" time-pattern="yyyy-mm-dd hh:mi:ss" component-id="onepm"/>
                <path name="onepm_commonlog/d3b.*log.*" time-pattern="yyyy" component-id="onepm"/>
                <path name="onepm_commonlog/dss_disk_supervise.log.*" time-pattern="mon dd hh:mi:ss" component-id="onepm"/>
                <path name="onepm_commonlog/dyncfgmx.log.*" time-pattern="mon dd hh:mi:ss" component-id="onepm"/>
                <path name="onepm_commonlog/e3sofcmx_.*_Config.log.*" time-pattern="wod mon dd hh:mi:ss yyyy" component-id="onepm"/>
                <path name="onepm_commonlog/etl[a-zA-Z]*_rep1.*log.*" time-pattern="hh:mi:ss" component-id="onepm"/>
                <path name="onepm_commonlog/etl[a-zA-Z]*_rep1.*log.*" time-pattern="mon dd hh:mi:ss" component-id="onepm"/>
                <path name="onepm_commonlog/etl[a-zA-Z]*_rep1.*log.*" time-pattern="wod mon dd hh:mi:ss yyyy" component-id="onepm"/>
                <path name="onepm_commonlog/etlcolCleanupDirs_pg_repetl.*.log.*" time-pattern="mon dd hh:mi:ss" component-id="onepm"/>
                <path name="onepm_commonlog/etload.*[Ii]nstall.*log.*" time-pattern="wod mon dd hh:mi:ss yyyy" component-id="onepm"/>
                <path name="onepm_commonlog/etload.*[Ii]nstall.*log.*" time-pattern="yyyy" component-id="onepm"/>
                <path name="onepm_commonlog/FMEsymacLogEvents.log.*" time-pattern="mon-dd-yyyy hh:mi:ss" component-id="onepm"/>
                <path name="onepm_commonlog/FMNBI_.*.log" time-pattern="mon dd hh:mi:ss" component-id="onepm"/>
                <path name="onepm_commonlog/mdpropmx.log.*" time-pattern="yyyy/mm/dd hh:mi.ss" component-id="onepm"/>
                <path name="onepm_commonlog/moecatmx.log.*" time-pattern="wod mon dd hh:mi:ss yyyy" component-id="onepm"/>
                <path name="onepm_commonlog/naming_service.log.*" time-pattern="dd.mm.yyyy hh:mi:ss" component-id="onepm"/>
                <path name="onepm_commonlog/obhcreMonitorError.log.*" time-pattern="wod mon dd hh:mi:ss yyyy" component-id="onepm"/>
                <path name="onepm_commonlog/oss_script.log.*" time-pattern="mon dd hh:mi:ss" component-id="onepm"/>
                <path name="onepm_commonlog/pemrum.log.*" time-pattern="wod mon dd hh:mi:ss EEST yyyy" component-id="onepm"/>
                <path name="onepm_commonlog/pm_cleanup.*.log.*" time-pattern="dd.mm.yyyy hh:mi:ss" component-id="onepm"/>
                <path name="onepm_commonlog/pm_obj_clean.log" time-pattern="mon dd hh:mi:ss" component-id="onepm"/>
                <path name="onepm_commonlog/pm_obj_clean_.*log" time-pattern="dd.mm.yyyy hh:mi:ss" component-id="onepm"/>
                <path name="onepm_commonlog/pmpmgm.*log.*" time-pattern="mon dd hh:mi:ss" component-id="onepm"/>
                <path name="onepm_commonlog/reportbuilder_metadata_export.log.*" time-pattern="wod mon dd hh:mi:ss yyyy" component-id="onepm"/>
                <path name="onepm_commonlog/repspaDimensionTablesInsert.*log.*" time-pattern="dd.mm.yyyy:hh:mi:ss" component-id="onepm"/>
                <path name="onepm_commonlog/rte_log.txt.*" time-pattern="yyyy/mm/dd hh:mi.ss" component-id="onepm"/>
                <path name="onepm_commonlog/werlog.*.log" time-pattern="wod mon dd hh:mi:ss yyyy" component-id="onepm"/>
                <path name="onepm_commonlog/werlog.*.log" time-pattern="yyyy" component-id="onepm"/>
                <path name="onepm_commonlog/werlog.*.log" time-pattern="yyyy/mm/dd hh:mi.ss" component-id="onepm"/>
                <path name="onepm_commonlog/werlog.*.log" time-pattern="yyyy-mm-dd hh:mi:ss" component-id="onepm"/>
                <path name="onepm_trace/#{diskpolice_[0-3][0-9]_[0-1]?[0-9]_[12][09][0-9][0-9]\.log}" time-pattern="dd/mm/yyyy hh:mi:ss" component-id="onepm"/>
                <path name="osslogdir/am.*.log" time-pattern="yyyy-mm-ddThh:mi:ss" component-id="am"/>
                <path name="osslogdir/aom.*.log" time-pattern="yyyy-mm-ddThh:mi:ss" component-id="aom"/>
                <path name="osslogdir/appserver.*.log" time-pattern="yyyy-mm-ddThh:mi:ss" component-id="appserver"/>
                <path name="osslogdir/atlc.*.log" time-pattern="yyyy-mm-ddThh:mi:ss" component-id="atlc"/>
                <path name="osslogdir/audit.*.log" time-pattern="yyyy-mm-ddThh:mi:ss" component-id="audit"/>
                <path name="osslogdir/certificationauthority.*.log" time-pattern="yyyy-mm-ddThh:mi:ss" component-id="certificationauthority"/>
                <path name="osslogdir/common_mediations.*.csv" time-pattern="yyyy-mm-dd::hh:mi:ss" component-id="common_mediations"/>
                <path name="osslogdir/common_mediations/.*memusage.csv" time-pattern="yyyy-mm-dd::hh:mi:ss" component-id="common_mediations"/>
                <path name="osslogdir/common_mediations/NSN-Heartbeat/.*log" time-pattern="mon dd hh:mi:ss" component-id="common_mediations"/>
                <path name="osslogdir/common_mediations/NSN-Heartbeat/.*log" time-pattern="wod mon dd hh:mi:ss EEST yyyy" component-id="common_mediations"/>
                <path name="osslogdir/common_mediations/oss_.*log" time-pattern="yyyy-mm-dd-Thh:mi:ss.mis" component-id="common_mediations"/>
                <path name="osslogdir/csi/common-scheduler/.*log" time-pattern="yyyy-mm-ddThh:mi:ss" component-id="csi"/>
                <path name="osslogdir/csi/ldap-access/.*log" time-pattern="yyyy-mm-ddThh:mi:ss" component-id="csi"/>
                <path name="osslogdir/csi/quartz-scheduler/oss_.*log" time-pattern="yyyy-mm-ddThh:mi:ss" component-id="csi"/>
                <path name="osslogdir/csi/sca/credential.*log" time-pattern="mon dd, yyyy hh:mi:ss" component-id="csi"/>
                <path name="osslogdir/csi/sca/credentialaccess.*log.*" time-pattern="mon dd, yyyy hh:mi:ss" component-id="csi"/>
                <path name="osslogdir/csi/sca/oss_.*log" time-pattern="yyyy-mm-ddThh:mi:ss" component-id="csi"/>
                <path name="osslogdir/csi/shellexec/.*log" time-pattern="yyyy-mm-ddThh:mi:ss" component-id="csi"/>
                <path name="osslogdir/d3b.*.log" time-pattern="yyyy" component-id="d3b"/>
                <path name="osslogdir/fm/fmaccess/.*log" time-pattern="yyyy-mm-ddThh:mi:ss" component-id="fmascii"/>
                <path name="osslogdir/fm/fmdc/.*log" time-pattern="yyyy-mm-ddThh:mi:ss" component-id="fm"/>
                <path name="osslogdir/fm/fmreports/.*log" time-pattern="yyyy-mm-ddThh:mi:ss" component-id="fm"/>
                <path name="osslogdir/fm/fmservices/.*log" time-pattern="yyyy-mm-ddThh:mi:ss" component-id="fm"/>
                <path name="osslogdir/fm/mond/.*log" time-pattern="yyyy-mm-ddThh:mi:ss" component-id="fm"/>
                <path name="osslogdir/fmascii/NSN-mf_component/.*log" time-pattern="mon dd, yyyy hh:mi:ss" component-id="fmascii"/>
                <path name="osslogdir/fmascii/oss_.*log" time-pattern="yyyy-mm-dd-Thh:mi:ss.mis" component-id="fmascii"/>
                <path name="osslogdir/generic_mediations.*.csv" time-pattern="yyyy-mm-dd::hh:mi:ss" component-id="generic_mediations"/>
                <path name="osslogdir/generic_mediations/NSN-Heartbeat/.*log" time-pattern="mon dd hh:mi:ss" component-id="generic_mediations"/>
                <path name="osslogdir/generic_mediations/NSN-Heartbeat/.*log" time-pattern="wod mon dd hh:mi:ss EEST yyyy" component-id="generic_mediations"/>
                <path name="osslogdir/generic_mediations/NSN-mf_component/.*log" time-pattern="mon dd, yyyy hh:mi:ss" component-id="generic_mediations"/>
                <path name="osslogdir/gep/ACCorrelationCleanup.*log" time-pattern="dd.mm.yyyy hh:mi:ss" component-id="gep"/>
                <path name="osslogdir/gep/gep_spool.*log.*" time-pattern="yyyy.mm.dd AD at hh:mi:ss" component-id="gep"/>
                <path name="osslogdir/gep/gep_startup.*log" time-pattern="wod mon dd hh:mi:ss EEST yyyy" component-id="gep"/>
                <path name="osslogdir/gep/jbi.*log.*" time-pattern="yyyy-mm-dd hh:mi:ss" component-id="gep"/>
                <path name="osslogdir/gep/oss_.*log.*" time-pattern="dd-mm-yyyyThh:mi:ss" component-id="gep"/>
                <path name="osslogdir/gep/Symptoms/.*log" time-pattern="mon dd hh:mi:ss" component-id="gep"/>
                <path name="osslogdir/hardening.*.log" time-pattern="wod mon dd hh:mi:ss EEST yyyy" component-id="hardening"/>
                <path name="osslogdir/icf.*.log" time-pattern="yyyy-mm-ddThh:mi:ss" component-id="icf"/>
                <path name="osslogdir/infocenter_licmon.*.log" time-pattern="longm dd, yyyy hh:mi:ss" component-id="infocenter_licmon"/>
                <path name="osslogdir/install/.*txt" time-pattern="wod mon dd hh:mi:ss EEST yyyy" component-id="install"/>
                <path name="osslogdir/install/fm/mond/fm_fx_alarm.*log" time-pattern="dd.mm.yyyy hh:mi:ss" component-id="install"/>
                <path name="osslogdir/install/gep/.*log" time-pattern="yyyy-mm-dd hh:mi:ss" component-id="install"/>
                <path name="osslogdir/install/NSN-3gppcorba_sbm_core/install.*log" time-pattern="yyyy-mon-ddThh:mi:ss" component-id="install"/>
                <path name="osslogdir/install/NSN-3gppcorba_sbm_core/NSN-corba.*log" time-pattern="yyyy-mon-dd@hh:mi:ss" component-id="install"/>
                <path name="osslogdir/install/NSN-common_mediation/.*log" time-pattern="yyyy-mon-ddThh:mi:ss" component-id="install"/>
                <path name="osslogdir/install/NSN-DynamicAdaptation_UI/.*log" time-pattern="yyyy-mon-dd@hh:mi:ss" component-id="install"/>
                <path name="osslogdir/install/NSN-generic_mediations/.*log" time-pattern="yyyy-mon-dd@hh:mi:ss" component-id="install"/>
                <path name="osslogdir/install/NSN-jbi_cpf/.*log" time-pattern="yyyy-mon-ddThh:mi:ss" component-id="install"/>
                <path name="osslogdir/install/NSN-mws_am-bulkdeployment/.*log.*" time-pattern="dd mon yyyy hh:mi:ss" component-id="install"/>
                <path name="osslogdir/install/nwi3.*log" time-pattern="yyyy-mm-dd hh:mi:ss" component-id="install"/>
                <path name="osslogdir/lic.*.log" time-pattern="yyyy-mm-ddThh:mi:ss" component-id="lic"/>
                <path name="osslogdir/mf-cpf-config.*.log" time-pattern="yyyy-mon-dd@hh:mi:ss" component-id="mf-cpf-config"/>
                <path name="osslogdir/mf-oes-common.*.txt" time-pattern="yyyy-mon-ddThh:mi:ss" component-id="mf-oes-common"/>
                <path name="osslogdir/mofd.*.log" time-pattern="yyyy-mm-ddThh:mi:ss" component-id="mofd"/>
                <path name="osslogdir/mts.*.log" time-pattern="yyyy-mm-ddThh:mi:ss" component-id="mts"/>
                <path name="osslogdir/mus.*.log" time-pattern="yyyy-mm-ddThh:mi:ss" component-id="mus"/>
                <path name="osslogdir/nasda.*.log" time-pattern="yyyy-mm-ddThh:mi:ss" component-id="nasda"/>
                <path name="osslogdir/nbi3gc/NSN-mf_component/.*log" time-pattern="mon dd, yyyy hh:mi:ss" component-id="nbi3gc"/>
                <path name="osslogdir/nbi3gc/oss_.*log" time-pattern="yyyy-mm-dd-Thh:mi:ss.mis" component-id="nbi3gc"/>
                <path name="osslogdir/nbi3gc/statuscheck.*log" time-pattern="wod mon dd hh:mi:ss EEST yyyy" component-id="nbi3gc"/>
                <path name="osslogdir/nbi3gcpm.*.log" time-pattern="mon dd, yyyy hh:mi:ss" component-id="nbi3gcpm"/>
                <path name="osslogdir/nbi3gcpm.*.log" time-pattern="yyyy-mm-dd-Thh:mi:ss.mis" component-id="nbi3gcpm"/>
                <path name="osslogdir/nbi3gcpm/NSN-mf_component/.*log" time-pattern="mon dd, yyyy hh:mi:ss" component-id="nbi3gc"/>
                <path name="osslogdir/nbi3gcpm/oss_.*log" time-pattern="yyyy-mm-dd-Thh:mi:ss.mis" component-id="nbi3gc"/>
                <path name="osslogdir/nbiinventory/oss_.*log" time-pattern="yyyy-mm-dd-Thh:mi:ss.mis" component-id="nbiinventory"/>
                <path name="osslogdir/nbiinventory/service.log" time-pattern="wod mon dd hh:mi:ss EEST yyyy" component-id="nbiinventory"/>
                <path name="osslogdir/nbine3s.*.log" time-pattern="mon dd, yyyy hh:mi:ss" component-id="nbine3s"/>
                <path name="osslogdir/nbine3s.*.log" time-pattern="yyyy-mm-dd-Thh:mi:ss.mis" component-id="nbine3s"/>
                <path name="osslogdir/nbisnmp.*.log" time-pattern="mon dd, yyyy hh:mi:ss" component-id="nbisnmp"/>
                <path name="osslogdir/nbisnmp.*.log" time-pattern="yyyy-mm-dd-Thh:mi:ss.mis" component-id="nbisnmp"/>
                <path name="osslogdir/ncis.*.log" time-pattern="wod mon dd hh:mi:ss EEST yyyy" component-id="ncis"/>
                <path name="osslogdir/ne3sws_dynamicadaptation.*.log" time-pattern="mon dd, yyyy hh:mi:ss" component-id="ne3sws_dynamicadaptation"/>
                <path name="osslogdir/ne3sws_dynamicadaptation.*.log" time-pattern="yyyy-mm-dd-Thh:mi:ss.mis" component-id="ne3sws_dynamicadaptation"/>
                <path name="osslogdir/neac.*.log" time-pattern="yyyy-mm-ddThh:mi:ss" component-id="neac"/>
                <path name="osslogdir/NSN-fmascii.*.log" time-pattern="yyyy-mon-ddThh:mi:ss" component-id="NSN-fmascii"/>
                <path name="osslogdir/NSN-generic_mediations.*.log" time-pattern="yyyy-mon-ddThh:mi:ss" component-id="NSN-generic_mediations"/>
                <path name="osslogdir/NSN-nasmercury.*.log" time-pattern="mon dd hh:mi:ss" component-id="NSN-nasmercury"/>
                <path name="osslogdir/NSN-nbi3gc.*.log" time-pattern="yyyy-mon-ddThh:mi:ss" component-id="NSN-nbi3gc"/>
                <path name="osslogdir/NSN-nbi3gcpm.*.log" time-pattern="yyyy-mon-ddThh:mi:ss" component-id="NSN-nbi3gcpm"/>
                <path name="osslogdir/NSN-nbine3s.*.log" time-pattern="yyyy-mon-ddThh:mi:ss" component-id="NSN-nbine3s"/>
                <path name="osslogdir/NSN-nbisnmp.*.log" time-pattern="yyyy-mon-ddThh:mi:ss" component-id="NSN-nbisnmp"/>
                <path name="osslogdir/NSN-ne3sws_dynamicadaptation.*.log" time-pattern="yyyy-mon-ddThh:mi:ss" component-id="NSN-ne3sws_dynamicadaptation"/>
                <path name="osslogdir/NSN-nwi3.*.log" time-pattern="yyyy-mon-ddThh:mi:ss" component-id="NSN-nwi3"/>
                <path name="osslogdir/NSN-nx2s.*\.log" time-pattern="yyyy-mon-ddThh:mi:ss" component-id="NSN-nx2s"/>
                <path name="osslogdir/NSN-PasswordChangeWS.*.log" time-pattern="mon dd, yyyy hh:mi:ss" component-id="NSN-PasswordChangeWS"/>
                <path name="osslogdir/NSN-pingServer.*.log" time-pattern="mon dd, yyyy hh:mi:ss" component-id="NSN-pingServer"/>
                <path name="osslogdir/NSN-q3user.*.log" time-pattern="yyyy-mon-ddThh:mi:ss" component-id="NSN-q3user"/>
                <path name="osslogdir/NSN-saucnt.*.log" time-pattern="yyyy-mon-ddThh:mi:ss" component-id="NSN-saucnt"/>
                <path name="osslogdir/NSN-trc.*.log" time-pattern="yyyy-mm-ddThh:mi:ss" component-id="NSN-trc"/>
                <path name="osslogdir/NSN-xoh.*.log" time-pattern="yyyy-mon-ddThh:mi:ss" component-id="NSN-xoh"/>
                <path name="osslogdir/nwi3/NSN.*log" time-pattern="mon dd, yyyy hh:mi:ss" component-id="nwi3"/>
                <path name="osslogdir/nwi3/nwi3_start.*log" time-pattern="wod mon dd hh:mi:ss EEST yyyy" component-id="nwi3"/>
                <path name="osslogdir/nwi3/oss_.*log" time-pattern="yyyy-mm-dd-Thh:mi:ss.mis" component-id="nwi3"/>
                <path name="osslogdir/nwi3/rac_.*log" time-pattern="yyyy-mm-dd-Thh:mi:ss.mis" component-id="nwi3"/>
                <path name="osslogdir/nx2s.*.log" time-pattern="mon dd, yyyy hh:mi:ss" component-id="nx2s"/>
                <path name="osslogdir/nx2s.*.log" time-pattern="yyyy-mm-dd-Thh:mi:ss.mis" component-id="nx2s"/>
                <path name="osslogdir/onlinehelp.*.log" time-pattern="yyyy-mm-ddThh:mi:ss" component-id="onlinehelp"/>
                <path name="osslogdir/pem.*.log" time-pattern="yyyy-mm-ddThh:mi:ss" component-id="pem"/>
                <path name="osslogdir/preferences.*.log" time-pattern="yyyy-mm-ddThh:mi:ss" component-id="preferences"/>
                <path name="osslogdir/q3user.*.log" time-pattern="mon dd, yyyy hh:mi:ss" component-id="q3user"/>
                <path name="osslogdir/q3user.*.log" time-pattern="yyyy-mm-dd-Thh:mi:ss.mis" component-id="q3user"/>
                <path name="osslogdir/rac/oss_.*log" time-pattern="yyyy-mm-ddThh:mi:ss" component-id="rac"/>
                <path name="osslogdir/rac/rac3gp/oss_.*log" time-pattern="yyyy-mm-dd-Thh:mi:ss.mis" component-id="rac"/>
                <path name="osslogdir/saucnt.*.log" time-pattern="mon dd, yyyy hh:mi:ss" component-id="saucnt"/>
                <path name="osslogdir/saucnt.*.log" time-pattern="yyyy-mm-dd-Thh:mi:ss.mis" component-id="saucnt"/>
                <path name="osslogdir/snmp-mus.*.log" time-pattern="yyyy-mm-ddThh:mi:ss" component-id="snmp-mus"/>
                <path name="osslogdir/startpage.*.log" time-pattern="yyyy-mm-ddThh:mi:ss" component-id="startpage"/>
                <path name="osslogdir/swam-core.*.log" time-pattern="yyyy-mm-ddThh:mi:ss" component-id="swam-core"/>
                <path name="osslogdir/swm.*.log" time-pattern="yyyy-mm-ddThh:mi:ss" component-id="swm"/>
                <path name="osslogdir/um/generate.*log" time-pattern="mm/dd/yy hh:mi:ss" component-id="um"/>
                <path name="osslogdir/um/loginfail.*log" time-pattern="yyyy-mm-ddThh:mi:ss" component-id="um"/>
                <path name="osslogdir/um/oss_.*log" time-pattern="yyyy-mm-ddThh:mi:ss" component-id="um"/>
                <path name="osslogdir/um/umimport.*log" time-pattern="mm/dd/yy hh:mi:ss" component-id="um"/>
                <path name="osslogdir/wmi.*.log" time-pattern="yyyy-mm-dd-Thh:mi:ss.mis" component-id="wmi"/>
                <path name="osslogdir/xoh.*.log" time-pattern="mon dd, yyyy hh:mi:ss" component-id="xoh"/>
                <path name="osslogdir/xoh.*.log" time-pattern="yyyy-mm-dd-Thh:mi:ss.mis" component-id="xoh"/>
		    </path>
	</paths>
</log-seacher>
