<?xml version="1.0"?>
<component-view xmlns="http://www.nsn.com/smu/componentViews"
        xmlns:xsi="http://www.w3.org/2001/XMLSchema-instance"
        xsi:schemaLocation="http://www.nsn.com/smu/componentViews component-view.xsd">

    <layer displayName="Northbound interfaces">
    	<component-ref component-id="nbi-bulkcm-3gpp" displayName="3GPP BulkCM NBI"/> 
        <component-ref component-id="nbi-fm-3gpp" displayName="3GPP FM NBI"/>
        <component-ref component-id="nbi-pm-3gpp" displayName="3GPP PM NBI"/>
        <component-ref component-id="nbi-snmp" displayName="SNMP NBI"/>
        <component-ref component-id="nbi-xml-export" displayName="Inventory Data Export"/>
        <component-ref component-id="nbi-tmf615-um" displayName="TMF615 UM"/>
    </layer>

    <layer displayName="Applications">    
        <component-ref component-id="core-security" displayName="Security Management"/>
        <component-ref component-id="core-fm" displayName="Fault Management"/>
        <component-ref component-id="core-cm" displayName="Configuration Management"/>
        <component-ref component-id="core-pm" displayName="Performance Management"/>
    </layer>

    <layer displayName="Southbound interfaces">
        <component-ref component-id="sbi-nwi3" displayName="NWI3"/>
        <component-ref component-id="sbi-q3-ip" displayName="Q3/IP"/>
        <component-ref component-id="sbi-nx2s" displayName="NX2S"/>
        <component-ref component-id="sbi-xoh" displayName="XoH"/>
        <component-ref component-id="sbi-ne3sws" displayName="NE3SWS"/>
        <component-ref component-id="sbi-ne3s-snmp" displayName="NE3S/SNMP"/>
        <component-ref component-id="sbi-scli" displayName="SCLI"/>
        <component-ref component-id="sbi-mml" displayName="MML"/>
        <component-ref component-id="sbi-juniper" displayName="Juniper"/>
        <component-ref component-id="sbi-da" displayName="Dynamic Adaptation"/>
        <component-ref component-id="sbi-atlcmedsl" displayName="ATLCMEDSL"/>
    </layer>

    <layer displayName="Platform">
        <component-ref component-id="platform-hardware" displayName="Hardware"/>
        <component-ref component-id="networkServices" displayName="Network Services"/>      
        <component-ref component-id="NTPService" displayName="NTP Service"/>
        <component-ref component-id="BACKUP" displayName="Backup"/>
        <component-ref component-id="DR" displayName="Disaster Recovery"/>
        <component-ref component-id="LoadBalancer" displayName="Load Balancer"/>
       	<component-ref component-id="HighAvailability" displayName="High Availability"/>
        <component-ref component-id="j2eeserver" displayName="J2EE Server"/>
        <component-ref component-id="JACORB" displayName="JACORB"/>
        <component-ref component-id="OMAgentService" displayName="OMAgent Service"/>
        <component-ref component-id="OSI" displayName="OSI"/>
        <component-ref component-id="Database" displayName="Database"/>
   		<component-ref component-id="DirectoryService" displayName="Directory Service"/>
    	<component-ref component-id="FileSystem" displayName="File System"/>  
        <component-ref component-id="Certstorage" displayName="Cert Storage"/>
	    <component-ref component-id="Scheduler" displayName="Scheduler"/>
	    <component-ref component-id="SelfMonitor" displayName="Self Monitor"/>
	    <component-ref component-id="os-rhel" displayName="RHE Linux Server"/>
	    <component-ref component-id="vsphere" displayName="vSphere"/>
    </layer>
</component-view>